{"cameraMode":{"drawMode":0,"name":"Shaded","section":"Shading Mode"},"sceneLighting":true,"audioPlay":false,"sceneViewState":{"showFog":true,"showMaterialUpdate":false,"showSkybox":true,"showFlares":true,"showImageEffects":true,"showParticleSystems":true},"in2DMode":false,"pivot":{"x":16.19567108154297,"y":17.4539852142334,"z":-0.8299607634544373},"rotation":{"x":0.023472629487514497,"y":0.6950222849845886,"z":0.0227461326867342,"w":-0.7183021903038025},"size":11.80623722076416,"orthographic":false}