{"cameraMode":{"drawMode":0,"name":"Shaded","section":"Shading Mode"},"sceneLighting":false,"audioPlay":false,"sceneViewState":{"showFog":true,"showMaterialUpdate":false,"showSkybox":false,"showFlares":true,"showImageEffects":true,"showParticleSystems":true},"in2DMode":false,"pivot":{"x":61.26679229736328,"y":-16.034509658813478,"z":33.00771713256836},"rotation":{"x":0.08809000253677368,"y":-0.1162862777709961,"z":0.010341358371078968,"w":0.9892722964286804},"size":233.34524536132813,"orthographic":false}