{"cameraMode":{"drawMode":0,"name":"Shaded","section":"Shading Mode"},"sceneLighting":false,"audioPlay":false,"sceneViewState":{"showFog":true,"showMaterialUpdate":false,"showSkybox":false,"showFlares":true,"showImageEffects":true,"showParticleSystems":true},"in2DMode":false,"pivot":{"x":443.9488220214844,"y":2823.828125,"z":222.26104736328126},"rotation":{"x":-0.23385046422481538,"y":0.5453699827194214,"z":-0.16174237430095673,"w":-0.7885093688964844},"size":979.635986328125,"orthographic":false}