{"cameraMode":{"drawMode":0,"name":"Shaded","section":"Shading Mode"},"sceneLighting":true,"audioPlay":false,"sceneViewState":{"showFog":true,"showMaterialUpdate":false,"showSkybox":true,"showFlares":true,"showImageEffects":true,"showParticleSystems":true},"in2DMode":false,"pivot":{"x":21.169025421142579,"y":16.09711265563965,"z":-1.5648741722106934},"rotation":{"x":-0.06621253490447998,"y":0.7857912182807922,"z":-0.08545245975255966,"w":-0.6090449094772339},"size":22.0,"orthographic":false}