{"cameraMode":{"drawMode":0,"name":"Shaded","section":"Shading Mode"},"sceneLighting":true,"audioPlay":false,"sceneViewState":{"showFog":true,"showMaterialUpdate":false,"showSkybox":true,"showFlares":true,"showImageEffects":true,"showParticleSystems":true},"in2DMode":false,"pivot":{"x":26.3272647857666,"y":18.36740493774414,"z":-0.623047411441803},"rotation":{"x":0.062129076570272449,"y":-0.6727692484855652,"z":0.05686473473906517,"w":0.7352505326271057},"size":2.8370394706726076,"orthographic":false}